{
    "transition_matrix_A": [
        [
            0.07886566605331732,
            0.4855426939039429,
            0.43559164004273976
        ],
        [
            0.5876142506335689,
            0.1618176056227864,
            0.25056814374364483
        ],
        [
            0.01445863675827144,
            0.5186940991204506,
            0.4668472641212779
        ]
    ],
    "emission_matrix_B": [
        [
            0.3321932514104356,
            0.39533742316613824,
            0.2724693254234262
        ],
        [
            0.3320746263332864,
            0.3951962495206052,
            0.27272912414610834
        ],
        [
            0.3320724986827167,
            0.39519371744058845,
            0.27273378387669495
        ]
    ],
    "initial_distribution_pi": [
        0.3333333333333333,
        0.3333333333333333,
        0.3333333333333333
    ]
}